Region,1990,1991,1992,1993,1994,1995,1996,1997,1998,1999,2000,2001,2002,2003,2004,2005,2006,2007,2008,2009,2010,2011,2012,2013,2014,2015,2014 - 2015 (%/year),2000 - 2015 (%/year)
World,8781,8838,8849,8942,9017,9207,9442,9530,9586,9781,10064,10164,10401,10778,11313,11676,12014,12353,12461,12340,12900,13125,13321,13540,13678,13778,0.7,2.1
OECD,4529,4579,4627,4696,4786,4875,5021,5066,5092,5177,5296,5277,5314,5378,5482,5514,5516,5548,5479,5233,5410,5312,5260,5313,5262,5260,0.0,0.0
G7,3494,3527,3569,3617,3683,3740,3833,3850,3877,3937,4026,3988,4007,4035,4110,4124,4097,4102,4017,3812,3927,3828,3763,3816,3786,3764,-0.6,-0.4
BRICS,2315,2301,2264,2292,2268,2320,2367,2363,2370,2435,2540,2605,2716,2956,3248,3493,3720,3942,4020,4159,4378,4654,4824,4952,5081,5139,1.1,4.8
Europe,1784,1782,1742,1741,1737,1779,1845,1833,1848,1830,1853,1887,1884,1925,1948,1957,1976,1953,1951,1849,1924,1862,1854,1838,1769,1800,1.8,-0.2
European Union,1653,1653,1615,1613,1614,1649,1706,1687,1698,1684,1698,1734,1729,1763,1782,1788,1793,1764,1755,1656,1721,1658,1646,1625,1557,1578,1.3,-0.5
Belgium,48,50,51,50,53,54,57,57,58,58,59,58,56,59,59,59,58,57,59,57,61,58,54,56,54,54,0.4,-0.5
Czech Rep.,50,45,44,42,41,42,43,44,43,40,42,42,42,44,45,45,46,46,45,42,44,43,43,42,41,40,-2.1,-0.3
France,225,238,234,238,231,240,251,244,252,252,255,261,261,266,270,271,267,264,265,254,262,252,252,253,244,246,1.1,-0.2
Germany,355,344,338,335,333,336,348,346,343,335,337,346,339,337,339,336,346,328,331,311,327,311,312,318,302,305,1.1,-0.7
Italy,151,155,154,153,152,160,159,162,166,169,172,172,173,179,182,184,182,179,176,165,170,167,162,156,146,152,3.9,-0.8
Netherlands,65,69,68,69,69,71,73,72,73,72,74,76,76,78,79,78,77,79,80,78,83,77,79,77,73,72,-1.5,-0.2
Poland,104,101,99,101,97,100,107,102,95,93,89,90,89,91,91,92,97,96,98,94,101,101,98,98,94,96,1.4,0.5
Portugal,17,17,19,18,19,20,20,21,23,24,25,25,26,25,26,26,25,25,25,24,23,23,22,22,21,22,3.4,-0.7
Romania,62,51,47,46,43,47,48,45,41,36,36,37,38,40,39,39,40,40,40,35,35,36,35,32,32,33,1.2,-0.7
Spain,91,94,95,92,96,101,99,106,111,116,122,125,129,133,140,143,142,144,139,128,128,125,124,115,113,116,3.0,-0.3
Sweden,46,48,46,45,49,49,50,49,50,49,46,49,52,50,52,51,50,50,49,45,51,50,50,49,48,47,-2.8,0.0
United Kingdom,206,213,213,215,222,217,226,219,221,222,223,224,219,223,222,223,219,211,207,196,202,188,193,191,178,179,0.6,-1.5
Norway,21,22,22,24,23,24,23,24,25,26,26,27,25,27,27,27,27,28,32,32,34,28,30,33,31,32,4.7,1.4
Turkey,52,53,55,58,57,62,68,71,72,71,77,71,74,78,81,84,93,100,99,98,105,112,117,117,121,127,5.3,3.4
CIS,1373,1360,1231,1139,996,961,934,893,876,889,898,904,912,949,960,965,993,1002,1021,941,1010,1056,1072,1055,1051,1028,-2.2,0.9
Kazakhstan,73,75,79,66,58,52,45,40,39,36,36,35,40,43,51,51,61,66,70,63,69,77,74,82,82,78,-5.0,5.4
Russia,882,873,800,757,660,639,634,606,592,609,619,626,623,645,647,651,670,672,688,647,689,723,741,730,731,718,-1.7,1.0
Ukraine,243,245,212,189,161,160,147,140,132,131,130,130,131,141,140,143,137,138,135,115,133,127,123,117,106,92,-13.1,-2.2
Uzbekistan,46,48,45,47,47,43,44,45,50,51,51,51,53,52,51,47,48,48,50,44,43,47,48,43,45,45,1.0,-0.8
America,2582,2607,2664,2706,2779,2812,2887,2930,2973,3037,3113,3074,3115,3145,3228,3262,3267,3325,3295,3158,3254,3250,3224,3291,3328,3293,-1.0,0.4
North America,2118,2133,2177,2219,2264,2294,2345,2369,2393,2450,2520,2474,2505,2524,2576,2590,2565,2605,2543,2415,2467,2449,2393,2443,2473,2446,-1.1,-0.2
Canada,208,208,213,220,228,231,236,239,237,244,251,248,248,262,268,270,267,267,265,250,251,257,252,253,256,251,-2.2,0.0
United States,1910,1926,1964,1998,2036,2063,2108,2130,2157,2206,2269,2227,2256,2262,2308,2320,2298,2338,2278,2166,2216,2192,2140,2190,2217,2196,-0.9,-0.2
Latin America,463,474,487,487,515,519,542,561,580,587,593,600,610,621,652,672,702,720,752,742,787,801,831,848,855,847,-0.9,2.4
Argentina,46,47,50,50,53,54,56,58,60,61,62,59,57,61,67,67,73,74,78,76,79,80,80,81,80,83,2.5,2.0
Brazil,141,143,145,148,156,161,170,179,183,187,188,191,196,199,210,216,223,236,249,241,266,271,282,294,304,299,-1.6,3.2
Chile,14,14,15,16,17,18,20,23,24,25,25,25,26,26,28,28,30,31,30,30,31,34,37,39,39,38,-0.9,2.9
Colombia,24,24,25,26,27,28,28,27,29,26,26,26,25,26,26,27,28,28,30,31,31,31,32,32,33,34,4.3,1.9
Mexico,124,129,131,131,136,131,134,138,143,147,145,149,150,156,161,169,171,176,181,175,176,184,189,193,189,187,-1.1,1.7
Venezuela,40,41,46,43,50,47,50,50,52,50,51,53,58,53,56,56,63,58,65,65,72,67,73,69,65,59,-8.5,1.0
Asia,2135,2154,2232,2337,2446,2560,2647,2703,2697,2789,2941,3007,3150,3384,3716,3962,4185,4408,4447,4627,4874,5085,5247,5403,5543,5625,1.5,4.4
China,894,871,899,955,1002,1045,1073,1072,1078,1100,1183,1228,1326,1523,1765,1980,2155,2324,2336,2465,2588,2802,2908,3010,3073,3101,0.9,6.6
India,307,318,331,338,352,371,384,398,409,431,441,449,462,472,498,518,545,574,600,662,693,716,752,776,832,882,6.0,4.7
Indonesia,99,103,108,118,119,131,136,140,137,144,156,159,165,166,177,180,184,183,187,200,210,206,212,214,224,227,1.3,2.5
Japan,439,444,454,457,482,494,505,510,501,509,519,511,510,506,523,521,520,515,495,472,499,462,452,455,443,435,-1.8,-1.2
Malaysia,22,27,30,33,33,35,39,45,43,43,50,52,54,58,62,68,68,74,78,74,75,78,80,90,92,91,-1.4,4.1
South Korea,95,101,111,125,133,146,158,172,158,175,190,193,201,206,211,213,217,225,230,232,253,265,271,273,277,280,1.0,2.6
Taiwan,48,52,54,58,60,64,67,71,75,79,85,89,93,96,101,102,104,110,106,103,111,109,107,109,111,109,-1.3,1.7
Thailand,42,46,49,51,57,62,69,71,66,71,72,74,82,89,96,99,101,105,108,108,118,118,126,134,138,139,1.3,4.5
Pacific,103,102,104,109,110,112,119,121,123,126,129,127,131,131,133,135,140,144,149,149,147,149,150,153,153,152,-0.7,1.1
Australia,87,86,87,91,92,94,100,101,104,106,108,106,109,110,112,113,118,122,127,127,124,126,126,129,127,126,-0.6,1.0
New Zealand,13,14,14,15,15,15,15,16,16,16,17,17,17,17,18,17,17,18,18,18,19,19,20,20,21,21,0.7,1.3
Africa,380,393,395,407,413,430,443,455,464,479,482,503,514,535,564,583,598,623,650,660,678,696,718,729,746,757,1.4,3.1
Algeria,22,23,24,24,23,24,23,24,25,26,27,27,29,30,30,31,33,36,36,40,39,41,45,47,51,53,5.1,4.7
Egypt,32,32,33,34,33,35,37,39,42,43,41,46,47,49,53,61,65,70,72,74,73,76,78,78,78,80,1.6,4.6
Nigeria,66,70,72,74,72,74,77,79,80,83,86,90,93,99,101,105,106,110,113,111,120,127,134,134,133,134,0.7,3.0
South Africa,92,96,89,95,98,104,106,109,108,109,109,112,110,118,128,128,127,136,147,144,142,143,140,141,142,138,-2.3,1.6
Middle-East,222,237,266,289,314,323,330,350,353,366,375,400,421,430,461,491,520,548,596,619,653,660,707,720,741,768,3.6,4.9
Iran,69,77,81,87,97,101,98,109,111,126,123,133,138,143,156,173,180,191,205,208,208,212,220,228,239,244,2.3,4.7
Kuwait,9,3,9,12,15,15,15,15,17,18,19,20,21,22,23,26,26,26,29,32,32,33,35,35,36,38,5.7,4.9
Saudi Arabia,58,68,77,80,84,85,90,86,92,94,98,100,111,113,120,123,136,140,157,167,186,178,200,192,205,215,4.8,5.4
United Arab Emirates,21,24,23,24,26,28,32,31,32,33,35,38,41,41,43,44,47,51,59,61,62,65,68,70,74,81,9.3,5.8